{
  "address": 1190783301079339859256126466169209145778641628794833863201795301129836308331,
  "ERCS": [
    963044774315525007278100936846322121788386523764244569209508090417991186404,
    1821982263337712778012296826969787477967682662264823521183260058998962156941,
    2458005952806312516566803658908447718018970870323327064188376026978308449573
  ],
  "WEIGHTS": [0.3333333333333333, 0.3333333333333333, 0.3333333333333333]
}
