{
  "address": 345165003843840925496294649710120883110010328896168876065373727094288726456,
  "ERCS": [
    2239438146204963876855599323194635239932069900176366579459648434899427889602,
    1784864829071887687296249343494043169090027771897372350691886401720729344509,
    430629606642604364218490299917514254329193959059633131287000569384950739944
  ],
  "WEIGHTS": [0.3333333333333333, 0.3333333333333333, 0.3333333333333333]
}
